<?xml version="1.0" encoding="UTF-8"?>
<!DOCTYPE log4j:configuration SYSTEM "log4j.dtd">
<log4j:configuration xmlns:log4j='http://jakarta.apache.org/log4j/'>
	<appender name="FILE" class="org.apache.log4j.FileAppender">
		<param name="Threshold" value="DEBUG" />
		<param name="File" value="C:/fileout/BrokerLog3.log" />
		<layout class="org.apache.log4j.PatternLayout">
			<param name="ConversionPattern" value="%d{HH:mm:ss,SSS} %p [%-10t] %m%n"/>
			<!-- <param name="PatternLayout" value="%d %p %C{1.} [%t] %m%n"/> -->
		</layout>
	</appender>

	<logger name="broker">
		<level value="DEBUG" />
		<appender-ref ref="FILE" />
	</logger>
	<root>
		<appender-ref ref="FILE" />
	</root>



</log4j:configuration>