{
  "swagger" : "2.0",
  "info" : {
    "version" : "1.0.0",
    "title" : "w4Contracts"
  },
  "paths" : {
    "/getContract/{id}" : {
      "get" : {
        "description" : "Gets `W4 Contract` object by ID.\n",
        "parameters" : [ {
          "name" : "id",
          "in" : "path",
          "description" : "ID",
          "required" : true,
          "type" : "string"
        } ],
        "responses" : {
          "200" : {
            "description" : "Successful response"
          }
        }
      }
    }
  }
}