{
  "swagger" : "2.0",
  "info" : {
    "version" : "1.0.0",
    "title" : "Currencies API. Справочник валют",
    "description" : "API для работы со справочником валют",
    "contact" : {
      "name" : "BANK RBK API team",
      "email" : "apiteam@bankrbk.kz",
      "url" : "http://www.bankrbk.kz"
    }
  },
  "host" : "10.1.1.114",
  "basePath" : "/catalog/currencies",
  "schemes" : [ "http" ],
  "consumes" : [ "application/json" ],
  "produces" : [ "application/json" ],
  "paths" : {
    "/" : {
      "get" : {
        "summary" : "Полный список валют",
        "description" : "Получение полного списка доступных валют в соответсвии со стандартом [ISO 4217](http://en.wikipedia.org/wiki/ISO_4217)",
        "operationId" : "getCurrencies",
        "produces" : [ "application/json" ],
        "responses" : {
          "200" : {
            "description" : "Возврашщает массив объектов currency",
            "schema" : {
              "type" : "array",
              "items" : {
                "$ref" : "#/definitions/currency"
              }
            }
          },
          "default" : {
            "description" : "Непредвиденная ошибка",
            "schema" : {
              "$ref" : "#/definitions/errors"
            }
          }
        }
      }
    },
    "/{id}" : {
      "get" : {
        "summary" : "Получение валюты по буквенному идентификатору",
        "description" : "Выполняет поиск валюты по буквенному идентификатору в соответсвии со стандартом ISO [ISO 4217](http://en.wikipedia.org/wiki/ISO_4217)",
        "operationId" : "getCurrencyByCode",
        "produces" : [ "application/json" ],
        "parameters" : [ {
          "name" : "id",
          "in" : "path",
          "description" : "Буквенный идентификатор валюты",
          "required" : true,
          "type" : "string"
        } ],
        "responses" : {
          "200" : {
            "description" : "Валюта",
            "schema" : {
              "$ref" : "#/definitions/currency"
            }
          },
          "404" : {
            "description" : "Валюта не найдена"
          },
          "default" : {
            "description" : "Непредвиденная ошибка",
            "schema" : {
              "$ref" : "#/definitions/errors"
            }
          }
        }
      }
    },
    "/numeric/{id}" : {
      "get" : {
        "summary" : "Получение валюты по числовому идентификатору",
        "description" : "Выполняет поиск валюты по числовому идентификатору в соответсвии со стандартом ISO [ISO 4217](http://en.wikipedia.org/wiki/ISO_4217)",
        "operationId" : "getCurrencyByNumeric",
        "produces" : [ "application/json" ],
        "parameters" : [ {
          "name" : "id",
          "in" : "path",
          "description" : "Числовой идентификатор валюты",
          "required" : true,
          "type" : "string"
        } ],
        "responses" : {
          "200" : {
            "description" : "Валюта",
            "schema" : {
              "$ref" : "#/definitions/currency"
            }
          },
          "404" : {
            "description" : "Валюта не найдена"
          },
          "default" : {
            "description" : "Непредвиденная ошибка",
            "schema" : {
              "$ref" : "#/definitions/errors"
            }
          }
        }
      }
    },
    "/search" : {
      "get" : {
        "summary" : "Поиск валют",
        "description" : "Выполняет поиск валют по параметрам",
        "operationId" : "searchCurrencies",
        "produces" : [ "application/json" ],
        "parameters" : [ {
          "name" : "filters",
          "in" : "query",
          "description" : "Вид применяемых фильтров. Доступно два. code - буквенный код. no - числовой код.",
          "required" : true,
          "type" : "array",
          "items" : {
            "type" : "string"
          }
        }, {
          "name" : "tags",
          "in" : "query",
          "description" : "Значения для поиска",
          "required" : true,
          "type" : "array",
          "items" : {
            "type" : "string"
          }
        } ],
        "responses" : {
          "200" : {
            "description" : "Возврашщает массив объектов currency",
            "schema" : {
              "type" : "array",
              "items" : {
                "$ref" : "#/definitions/currency"
              }
            }
          },
          "404" : {
            "description" : "Данные не найдены"
          },
          "default" : {
            "description" : "Непредвиденная ошибка",
            "schema" : {
              "$ref" : "#/definitions/errors"
            }
          }
        }
      }
    }
  },
  "definitions" : {
    "currency" : {
      "type" : "object",
      "required" : [ "code", "numeric", "display_name" ],
      "properties" : {
        "code" : {
          "type" : "string",
          "description" : "Буквенный код валюты."
        },
        "numeric" : {
          "type" : "string",
          "description" : "Числовой код валюты"
        },
        "display_name" : {
          "type" : "string",
          "description" : "Отображаемое имя"
        }
      }
    },
    "error" : {
      "type" : "object",
      "required" : [ "code", "type", "message" ],
      "properties" : {
        "code" : {
          "type" : "string",
          "description" : "Код ошибки"
        },
        "type" : {
          "type" : "string",
          "description" : "Тип ошибки. 1-ошибка бизнесс логики. 2-техническая ошибка"
        },
        "message" : {
          "type" : "string",
          "description" : "Текст ошибки"
        },
        "details" : {
          "type" : "string",
          "description" : "Детали ошибки. Опционально"
        }
      }
    },
    "errors" : {
      "type" : "array",
      "items" : {
        "$ref" : "#/definitions/error"
      }
    }
  }
}